estimates,variances
21.194749101639246,7.399620045901008
5.906417728580974e-72,3.3110690580802996e-70
1.376904430255583e-06,4.9282549929232076e-06
