estimates,variances
0.015641070844832662,0.004148662937679153
1.7092679324230964e-16,1.490715458985869e-15
3.7222599347319945e-06,9.16216077313364e-06
